<metadata xml:lang="en"><Esri><CreaDate>20180822</CreaDate><CreaTime>11365700</CreaTime><ArcGISFormat>1.0</ArcGISFormat><ArcGISstyle>North American Profile of ISO19115 2003</ArcGISstyle><SyncOnce>FALSE</SyncOnce><DataProperties><lineage><Process Name="Create Feature Class (7)" ToolSource="c:\program files (x86)\arcgis\desktop10.1\ArcToolbox\Toolboxes\Data Management Tools.tbx\CreateFeatureclass" Date="20180822" Time="113657" export="">CreateFeatureclass \\os.uga.edu\onu-ocha\working\Process_Files\CODServices\Documentation\Templates\COD_XXX\Shapefiles\XXX_AdminBoundaries_ExportToShape.gdb\Data_Layers XXX_admbnda_adm6_scale_source POLYGON # DISABLED DISABLED # # 0 0 0</Process><Process Name="Add Field (5)" ToolSource="c:\program files (x86)\arcgis\desktop10.1\ArcToolbox\Toolboxes\Data Management Tools.tbx\AddField" Date="20180822" Time="113659" export="">AddField \\os.uga.edu\onu-ocha\working\Process_Files\CODServices\Documentation\Templates\COD_XXX\Shapefiles\XXX_AdminBoundaries_ExportToShape.gdb\Data_Layers\XXX_admbnda_adm6_scale_source ADM6_EN TEXT # # 50 # NULLABLE NON_REQUIRED #</Process><Process Name="Add Field (5)" ToolSource="c:\program files (x86)\arcgis\desktop10.1\ArcToolbox\Toolboxes\Data Management Tools.tbx\AddField" Date="20180822" Time="113701" export="">AddField \\os.uga.edu\onu-ocha\working\Process_Files\CODServices\Documentation\Templates\COD_XXX\Shapefiles\XXX_AdminBoundaries_ExportToShape.gdb\Data_Layers\XXX_admbnda_adm6_scale_source ADM6_FR TEXT # # 50 # NULLABLE NON_REQUIRED #</Process><Process Name="Add Field (5)" ToolSource="c:\program files (x86)\arcgis\desktop10.1\ArcToolbox\Toolboxes\Data Management Tools.tbx\AddField" Date="20180822" Time="113702" export="">AddField \\os.uga.edu\onu-ocha\working\Process_Files\CODServices\Documentation\Templates\COD_XXX\Shapefiles\XXX_AdminBoundaries_ExportToShape.gdb\Data_Layers\XXX_admbnda_adm6_scale_source ADM6_AR TEXT # # 50 # NULLABLE NON_REQUIRED #</Process><Process Name="Add Field (5)" ToolSource="c:\program files (x86)\arcgis\desktop10.1\ArcToolbox\Toolboxes\Data Management Tools.tbx\AddField" Date="20180822" Time="113704" export="">AddField \\os.uga.edu\onu-ocha\working\Process_Files\CODServices\Documentation\Templates\COD_XXX\Shapefiles\XXX_AdminBoundaries_ExportToShape.gdb\Data_Layers\XXX_admbnda_adm6_scale_source ADM6_ES TEXT # # 50 # NULLABLE NON_REQUIRED #</Process><Process Name="Add Field (5)" ToolSource="c:\program files (x86)\arcgis\desktop10.1\ArcToolbox\Toolboxes\Data Management Tools.tbx\AddField" Date="20180822" Time="113705" export="">AddField \\os.uga.edu\onu-ocha\working\Process_Files\CODServices\Documentation\Templates\COD_XXX\Shapefiles\XXX_AdminBoundaries_ExportToShape.gdb\Data_Layers\XXX_admbnda_adm6_scale_source ADM6_PCODE TEXT # # 50 # NULLABLE NON_REQUIRED #</Process><Process Name="Add Field (5)" ToolSource="c:\program files (x86)\arcgis\desktop10.1\ArcToolbox\Toolboxes\Data Management Tools.tbx\AddField" Date="20180822" Time="113707" export="">AddField \\os.uga.edu\onu-ocha\working\Process_Files\CODServices\Documentation\Templates\COD_XXX\Shapefiles\XXX_AdminBoundaries_ExportToShape.gdb\Data_Layers\XXX_admbnda_adm6_scale_source ADM6_REF TEXT # # 50 # NULLABLE NON_REQUIRED #</Process><Process Name="Add Field (5)" ToolSource="c:\program files (x86)\arcgis\desktop10.1\ArcToolbox\Toolboxes\Data Management Tools.tbx\AddField" Date="20180822" Time="113708" export="">AddField \\os.uga.edu\onu-ocha\working\Process_Files\CODServices\Documentation\Templates\COD_XXX\Shapefiles\XXX_AdminBoundaries_ExportToShape.gdb\Data_Layers\XXX_admbnda_adm6_scale_source ADM6ALT1EN TEXT # # 50 # NULLABLE NON_REQUIRED #</Process><Process Name="Add Field (5)" ToolSource="c:\program files (x86)\arcgis\desktop10.1\ArcToolbox\Toolboxes\Data Management Tools.tbx\AddField" Date="20180822" Time="113710" export="">AddField \\os.uga.edu\onu-ocha\working\Process_Files\CODServices\Documentation\Templates\COD_XXX\Shapefiles\XXX_AdminBoundaries_ExportToShape.gdb\Data_Layers\XXX_admbnda_adm6_scale_source ADM6ALT2EN TEXT # # 50 # NULLABLE NON_REQUIRED #</Process><Process Name="Add Field (5)" ToolSource="c:\program files (x86)\arcgis\desktop10.1\ArcToolbox\Toolboxes\Data Management Tools.tbx\AddField" Date="20180822" Time="113711" export="">AddField \\os.uga.edu\onu-ocha\working\Process_Files\CODServices\Documentation\Templates\COD_XXX\Shapefiles\XXX_AdminBoundaries_ExportToShape.gdb\Data_Layers\XXX_admbnda_adm6_scale_source ADM6ALT1FR TEXT # # 50 # NULLABLE NON_REQUIRED #</Process><Process Name="Add Field (5)" ToolSource="c:\program files (x86)\arcgis\desktop10.1\ArcToolbox\Toolboxes\Data Management Tools.tbx\AddField" Date="20180822" Time="113713" export="">AddField \\os.uga.edu\onu-ocha\working\Process_Files\CODServices\Documentation\Templates\COD_XXX\Shapefiles\XXX_AdminBoundaries_ExportToShape.gdb\Data_Layers\XXX_admbnda_adm6_scale_source ADM6ALT2FR TEXT # # 50 # NULLABLE NON_REQUIRED #</Process><Process Name="Add Field (5)" ToolSource="c:\program files (x86)\arcgis\desktop10.1\ArcToolbox\Toolboxes\Data Management Tools.tbx\AddField" Date="20180822" Time="113714" export="">AddField \\os.uga.edu\onu-ocha\working\Process_Files\CODServices\Documentation\Templates\COD_XXX\Shapefiles\XXX_AdminBoundaries_ExportToShape.gdb\Data_Layers\XXX_admbnda_adm6_scale_source ADM6ALT1AR TEXT # # 50 # NULLABLE NON_REQUIRED #</Process><Process Name="Add Field (5)" ToolSource="c:\program files (x86)\arcgis\desktop10.1\ArcToolbox\Toolboxes\Data Management Tools.tbx\AddField" Date="20180822" Time="113716" export="">AddField \\os.uga.edu\onu-ocha\working\Process_Files\CODServices\Documentation\Templates\COD_XXX\Shapefiles\XXX_AdminBoundaries_ExportToShape.gdb\Data_Layers\XXX_admbnda_adm6_scale_source ADM6ALT2AR TEXT # # 50 # NULLABLE NON_REQUIRED #</Process><Process Name="Add Field (5)" ToolSource="c:\program files (x86)\arcgis\desktop10.1\ArcToolbox\Toolboxes\Data Management Tools.tbx\AddField" Date="20180822" Time="113717" export="">AddField \\os.uga.edu\onu-ocha\working\Process_Files\CODServices\Documentation\Templates\COD_XXX\Shapefiles\XXX_AdminBoundaries_ExportToShape.gdb\Data_Layers\XXX_admbnda_adm6_scale_source ADM6ALT1ES TEXT # # 50 # NULLABLE NON_REQUIRED #</Process><Process Name="Add Field (5)" ToolSource="c:\program files (x86)\arcgis\desktop10.1\ArcToolbox\Toolboxes\Data Management Tools.tbx\AddField" Date="20180822" Time="113719" export="">AddField \\os.uga.edu\onu-ocha\working\Process_Files\CODServices\Documentation\Templates\COD_XXX\Shapefiles\XXX_AdminBoundaries_ExportToShape.gdb\Data_Layers\XXX_admbnda_adm6_scale_source ADM6ALT2ES TEXT # # 50 # NULLABLE NON_REQUIRED #</Process><Process Name="Add Field (5)" ToolSource="c:\program files (x86)\arcgis\desktop10.1\ArcToolbox\Toolboxes\Data Management Tools.tbx\AddField" Date="20180822" Time="113721" export="">AddField \\os.uga.edu\onu-ocha\working\Process_Files\CODServices\Documentation\Templates\COD_XXX\Shapefiles\XXX_AdminBoundaries_ExportToShape.gdb\Data_Layers\XXX_admbnda_adm6_scale_source ADM5_EN TEXT # # 50 # NULLABLE NON_REQUIRED #</Process><Process Name="Add Field (5)" ToolSource="c:\program files (x86)\arcgis\desktop10.1\ArcToolbox\Toolboxes\Data Management Tools.tbx\AddField" Date="20180822" Time="113722" export="">AddField \\os.uga.edu\onu-ocha\working\Process_Files\CODServices\Documentation\Templates\COD_XXX\Shapefiles\XXX_AdminBoundaries_ExportToShape.gdb\Data_Layers\XXX_admbnda_adm6_scale_source ADM5_FR TEXT # # 50 # NULLABLE NON_REQUIRED #</Process><Process Name="Add Field (5)" ToolSource="c:\program files (x86)\arcgis\desktop10.1\ArcToolbox\Toolboxes\Data Management Tools.tbx\AddField" Date="20180822" Time="113724" export="">AddField \\os.uga.edu\onu-ocha\working\Process_Files\CODServices\Documentation\Templates\COD_XXX\Shapefiles\XXX_AdminBoundaries_ExportToShape.gdb\Data_Layers\XXX_admbnda_adm6_scale_source ADM5_AR TEXT # # 50 # NULLABLE NON_REQUIRED #</Process><Process Name="Add Field (5)" ToolSource="c:\program files (x86)\arcgis\desktop10.1\ArcToolbox\Toolboxes\Data Management Tools.tbx\AddField" Date="20180822" Time="113725" export="">AddField \\os.uga.edu\onu-ocha\working\Process_Files\CODServices\Documentation\Templates\COD_XXX\Shapefiles\XXX_AdminBoundaries_ExportToShape.gdb\Data_Layers\XXX_admbnda_adm6_scale_source ADM5_ES TEXT # # 50 # NULLABLE NON_REQUIRED #</Process><Process Name="Add Field (5)" ToolSource="c:\program files (x86)\arcgis\desktop10.1\ArcToolbox\Toolboxes\Data Management Tools.tbx\AddField" Date="20180822" Time="113727" export="">AddField \\os.uga.edu\onu-ocha\working\Process_Files\CODServices\Documentation\Templates\COD_XXX\Shapefiles\XXX_AdminBoundaries_ExportToShape.gdb\Data_Layers\XXX_admbnda_adm6_scale_source ADM5_PCODE TEXT # # 50 # NULLABLE NON_REQUIRED #</Process><Process Name="Add Field (5)" ToolSource="c:\program files (x86)\arcgis\desktop10.1\ArcToolbox\Toolboxes\Data Management Tools.tbx\AddField" Date="20180822" Time="113728" export="">AddField \\os.uga.edu\onu-ocha\working\Process_Files\CODServices\Documentation\Templates\COD_XXX\Shapefiles\XXX_AdminBoundaries_ExportToShape.gdb\Data_Layers\XXX_admbnda_adm6_scale_source ADM4_EN TEXT # # 50 # NULLABLE NON_REQUIRED #</Process><Process Name="Add Field (5)" ToolSource="c:\program files (x86)\arcgis\desktop10.1\ArcToolbox\Toolboxes\Data Management Tools.tbx\AddField" Date="20180822" Time="113730" export="">AddField \\os.uga.edu\onu-ocha\working\Process_Files\CODServices\Documentation\Templates\COD_XXX\Shapefiles\XXX_AdminBoundaries_ExportToShape.gdb\Data_Layers\XXX_admbnda_adm6_scale_source ADM4_FR TEXT # # 50 # NULLABLE NON_REQUIRED #</Process><Process Name="Add Field (5)" ToolSource="c:\program files (x86)\arcgis\desktop10.1\ArcToolbox\Toolboxes\Data Management Tools.tbx\AddField" Date="20180822" Time="113732" export="">AddField \\os.uga.edu\onu-ocha\working\Process_Files\CODServices\Documentation\Templates\COD_XXX\Shapefiles\XXX_AdminBoundaries_ExportToShape.gdb\Data_Layers\XXX_admbnda_adm6_scale_source ADM4_AR TEXT # # 50 # NULLABLE NON_REQUIRED #</Process><Process Name="Add Field (5)" ToolSource="c:\program files (x86)\arcgis\desktop10.1\ArcToolbox\Toolboxes\Data Management Tools.tbx\AddField" Date="20180822" Time="113733" export="">AddField \\os.uga.edu\onu-ocha\working\Process_Files\CODServices\Documentation\Templates\COD_XXX\Shapefiles\XXX_AdminBoundaries_ExportToShape.gdb\Data_Layers\XXX_admbnda_adm6_scale_source ADM4_ES TEXT # # 50 # NULLABLE NON_REQUIRED #</Process><Process Name="Add Field (5)" ToolSource="c:\program files (x86)\arcgis\desktop10.1\ArcToolbox\Toolboxes\Data Management Tools.tbx\AddField" Date="20180822" Time="113735" export="">AddField \\os.uga.edu\onu-ocha\working\Process_Files\CODServices\Documentation\Templates\COD_XXX\Shapefiles\XXX_AdminBoundaries_ExportToShape.gdb\Data_Layers\XXX_admbnda_adm6_scale_source ADM4_PCODE TEXT # # 50 # NULLABLE NON_REQUIRED #</Process><Process Name="Add Field (5)" ToolSource="c:\program files (x86)\arcgis\desktop10.1\ArcToolbox\Toolboxes\Data Management Tools.tbx\AddField" Date="20180822" Time="113736" export="">AddField \\os.uga.edu\onu-ocha\working\Process_Files\CODServices\Documentation\Templates\COD_XXX\Shapefiles\XXX_AdminBoundaries_ExportToShape.gdb\Data_Layers\XXX_admbnda_adm6_scale_source ADM3_EN TEXT # # 50 # NULLABLE NON_REQUIRED #</Process><Process Name="Add Field (5)" ToolSource="c:\program files (x86)\arcgis\desktop10.1\ArcToolbox\Toolboxes\Data Management Tools.tbx\AddField" Date="20180822" Time="113738" export="">AddField \\os.uga.edu\onu-ocha\working\Process_Files\CODServices\Documentation\Templates\COD_XXX\Shapefiles\XXX_AdminBoundaries_ExportToShape.gdb\Data_Layers\XXX_admbnda_adm6_scale_source ADM3_FR TEXT # # 50 # NULLABLE NON_REQUIRED #</Process><Process Name="Add Field (5)" ToolSource="c:\program files (x86)\arcgis\desktop10.1\ArcToolbox\Toolboxes\Data Management Tools.tbx\AddField" Date="20180822" Time="113739" export="">AddField \\os.uga.edu\onu-ocha\working\Process_Files\CODServices\Documentation\Templates\COD_XXX\Shapefiles\XXX_AdminBoundaries_ExportToShape.gdb\Data_Layers\XXX_admbnda_adm6_scale_source ADM3_AR TEXT # # 50 # NULLABLE NON_REQUIRED #</Process><Process Name="Add Field (5)" ToolSource="c:\program files (x86)\arcgis\desktop10.1\ArcToolbox\Toolboxes\Data Management Tools.tbx\AddField" Date="20180822" Time="113741" export="">AddField \\os.uga.edu\onu-ocha\working\Process_Files\CODServices\Documentation\Templates\COD_XXX\Shapefiles\XXX_AdminBoundaries_ExportToShape.gdb\Data_Layers\XXX_admbnda_adm6_scale_source ADM3_ES TEXT # # 50 # NULLABLE NON_REQUIRED #</Process><Process Name="Add Field (5)" ToolSource="c:\program files (x86)\arcgis\desktop10.1\ArcToolbox\Toolboxes\Data Management Tools.tbx\AddField" Date="20180822" Time="113743" export="">AddField \\os.uga.edu\onu-ocha\working\Process_Files\CODServices\Documentation\Templates\COD_XXX\Shapefiles\XXX_AdminBoundaries_ExportToShape.gdb\Data_Layers\XXX_admbnda_adm6_scale_source ADM3_PCODE TEXT # # 50 # NULLABLE NON_REQUIRED #</Process><Process Name="Add Field (5)" ToolSource="c:\program files (x86)\arcgis\desktop10.1\ArcToolbox\Toolboxes\Data Management Tools.tbx\AddField" Date="20180822" Time="113744" export="">AddField \\os.uga.edu\onu-ocha\working\Process_Files\CODServices\Documentation\Templates\COD_XXX\Shapefiles\XXX_AdminBoundaries_ExportToShape.gdb\Data_Layers\XXX_admbnda_adm6_scale_source ADM2_EN TEXT # # 50 # NULLABLE NON_REQUIRED #</Process><Process Name="Add Field (5)" ToolSource="c:\program files (x86)\arcgis\desktop10.1\ArcToolbox\Toolboxes\Data Management Tools.tbx\AddField" Date="20180822" Time="113746" export="">AddField \\os.uga.edu\onu-ocha\working\Process_Files\CODServices\Documentation\Templates\COD_XXX\Shapefiles\XXX_AdminBoundaries_ExportToShape.gdb\Data_Layers\XXX_admbnda_adm6_scale_source ADM2_FR TEXT # # 50 # NULLABLE NON_REQUIRED #</Process><Process Name="Add Field (5)" ToolSource="c:\program files (x86)\arcgis\desktop10.1\ArcToolbox\Toolboxes\Data Management Tools.tbx\AddField" Date="20180822" Time="113747" export="">AddField \\os.uga.edu\onu-ocha\working\Process_Files\CODServices\Documentation\Templates\COD_XXX\Shapefiles\XXX_AdminBoundaries_ExportToShape.gdb\Data_Layers\XXX_admbnda_adm6_scale_source ADM2_AR TEXT # # 50 # NULLABLE NON_REQUIRED #</Process><Process Name="Add Field (5)" ToolSource="c:\program files (x86)\arcgis\desktop10.1\ArcToolbox\Toolboxes\Data Management Tools.tbx\AddField" Date="20180822" Time="113749" export="">AddField \\os.uga.edu\onu-ocha\working\Process_Files\CODServices\Documentation\Templates\COD_XXX\Shapefiles\XXX_AdminBoundaries_ExportToShape.gdb\Data_Layers\XXX_admbnda_adm6_scale_source ADM2_ES TEXT # # 50 # NULLABLE NON_REQUIRED #</Process><Process Name="Add Field (5)" ToolSource="c:\program files (x86)\arcgis\desktop10.1\ArcToolbox\Toolboxes\Data Management Tools.tbx\AddField" Date="20180822" Time="113751" export="">AddField \\os.uga.edu\onu-ocha\working\Process_Files\CODServices\Documentation\Templates\COD_XXX\Shapefiles\XXX_AdminBoundaries_ExportToShape.gdb\Data_Layers\XXX_admbnda_adm6_scale_source ADM2_PCODE TEXT # # 50 # NULLABLE NON_REQUIRED #</Process><Process Name="Add Field (5)" ToolSource="c:\program files (x86)\arcgis\desktop10.1\ArcToolbox\Toolboxes\Data Management Tools.tbx\AddField" Date="20180822" Time="113752" export="">AddField \\os.uga.edu\onu-ocha\working\Process_Files\CODServices\Documentation\Templates\COD_XXX\Shapefiles\XXX_AdminBoundaries_ExportToShape.gdb\Data_Layers\XXX_admbnda_adm6_scale_source ADM1_EN TEXT # # 50 # NULLABLE NON_REQUIRED #</Process><Process Name="Add Field (5)" ToolSource="c:\program files (x86)\arcgis\desktop10.1\ArcToolbox\Toolboxes\Data Management Tools.tbx\AddField" Date="20180822" Time="113754" export="">AddField \\os.uga.edu\onu-ocha\working\Process_Files\CODServices\Documentation\Templates\COD_XXX\Shapefiles\XXX_AdminBoundaries_ExportToShape.gdb\Data_Layers\XXX_admbnda_adm6_scale_source ADM1_FR TEXT # # 50 # NULLABLE NON_REQUIRED #</Process><Process Name="Add Field (5)" ToolSource="c:\program files (x86)\arcgis\desktop10.1\ArcToolbox\Toolboxes\Data Management Tools.tbx\AddField" Date="20180822" Time="113755" export="">AddField \\os.uga.edu\onu-ocha\working\Process_Files\CODServices\Documentation\Templates\COD_XXX\Shapefiles\XXX_AdminBoundaries_ExportToShape.gdb\Data_Layers\XXX_admbnda_adm6_scale_source ADM1_AR TEXT # # 50 # NULLABLE NON_REQUIRED #</Process><Process Name="Add Field (5)" ToolSource="c:\program files (x86)\arcgis\desktop10.1\ArcToolbox\Toolboxes\Data Management Tools.tbx\AddField" Date="20180822" Time="113757" export="">AddField \\os.uga.edu\onu-ocha\working\Process_Files\CODServices\Documentation\Templates\COD_XXX\Shapefiles\XXX_AdminBoundaries_ExportToShape.gdb\Data_Layers\XXX_admbnda_adm6_scale_source ADM1_ES TEXT # # 50 # NULLABLE NON_REQUIRED #</Process><Process Name="Add Field (5)" ToolSource="c:\program files (x86)\arcgis\desktop10.1\ArcToolbox\Toolboxes\Data Management Tools.tbx\AddField" Date="20180822" Time="113758" export="">AddField \\os.uga.edu\onu-ocha\working\Process_Files\CODServices\Documentation\Templates\COD_XXX\Shapefiles\XXX_AdminBoundaries_ExportToShape.gdb\Data_Layers\XXX_admbnda_adm6_scale_source ADM1_PCODE TEXT # # 50 # NULLABLE NON_REQUIRED #</Process><Process Name="Add Field (5)" ToolSource="c:\program files (x86)\arcgis\desktop10.1\ArcToolbox\Toolboxes\Data Management Tools.tbx\AddField" Date="20180822" Time="113800" export="">AddField \\os.uga.edu\onu-ocha\working\Process_Files\CODServices\Documentation\Templates\COD_XXX\Shapefiles\XXX_AdminBoundaries_ExportToShape.gdb\Data_Layers\XXX_admbnda_adm6_scale_source ADM0_EN TEXT # # 50 # NULLABLE NON_REQUIRED #</Process><Process Name="Add Field (5)" ToolSource="c:\program files (x86)\arcgis\desktop10.1\ArcToolbox\Toolboxes\Data Management Tools.tbx\AddField" Date="20180822" Time="113801" export="">AddField \\os.uga.edu\onu-ocha\working\Process_Files\CODServices\Documentation\Templates\COD_XXX\Shapefiles\XXX_AdminBoundaries_ExportToShape.gdb\Data_Layers\XXX_admbnda_adm6_scale_source ADM0_FR TEXT # # 50 # NULLABLE NON_REQUIRED #</Process><Process Name="Add Field (5)" ToolSource="c:\program files (x86)\arcgis\desktop10.1\ArcToolbox\Toolboxes\Data Management Tools.tbx\AddField" Date="20180822" Time="113803" export="">AddField \\os.uga.edu\onu-ocha\working\Process_Files\CODServices\Documentation\Templates\COD_XXX\Shapefiles\XXX_AdminBoundaries_ExportToShape.gdb\Data_Layers\XXX_admbnda_adm6_scale_source ADM0_AR TEXT # # 50 # NULLABLE NON_REQUIRED #</Process><Process Name="Add Field (5)" ToolSource="c:\program files (x86)\arcgis\desktop10.1\ArcToolbox\Toolboxes\Data Management Tools.tbx\AddField" Date="20180822" Time="113804" export="">AddField \\os.uga.edu\onu-ocha\working\Process_Files\CODServices\Documentation\Templates\COD_XXX\Shapefiles\XXX_AdminBoundaries_ExportToShape.gdb\Data_Layers\XXX_admbnda_adm6_scale_source ADM0_ES TEXT # # 50 # NULLABLE NON_REQUIRED #</Process><Process Name="Add Field (5)" ToolSource="c:\program files (x86)\arcgis\desktop10.1\ArcToolbox\Toolboxes\Data Management Tools.tbx\AddField" Date="20180822" Time="113806" export="">AddField \\os.uga.edu\onu-ocha\working\Process_Files\CODServices\Documentation\Templates\COD_XXX\Shapefiles\XXX_AdminBoundaries_ExportToShape.gdb\Data_Layers\XXX_admbnda_adm6_scale_source ADM0_PCODE TEXT # # 50 # NULLABLE NON_REQUIRED #</Process><Process Name="Add Field (8)" ToolSource="c:\program files (x86)\arcgis\desktop10.1\ArcToolbox\Toolboxes\Data Management Tools.tbx\AddField" Date="20180822" Time="113808" export="">AddField \\os.uga.edu\onu-ocha\working\Process_Files\CODServices\Documentation\Templates\COD_XXX\Shapefiles\XXX_AdminBoundaries_ExportToShape.gdb\Data_Layers\XXX_admbnda_adm6_scale_source date DATE # # # # NULLABLE NON_REQUIRED #</Process><Process Name="Add Field (8)" ToolSource="c:\program files (x86)\arcgis\desktop10.1\ArcToolbox\Toolboxes\Data Management Tools.tbx\AddField" Date="20180822" Time="113810" export="">AddField \\os.uga.edu\onu-ocha\working\Process_Files\CODServices\Documentation\Templates\COD_XXX\Shapefiles\XXX_AdminBoundaries_ExportToShape.gdb\Data_Layers\XXX_admbnda_adm6_scale_source validOn DATE # # # # NULLABLE NON_REQUIRED #</Process><Process Name="Add Field (8)" ToolSource="c:\program files (x86)\arcgis\desktop10.1\ArcToolbox\Toolboxes\Data Management Tools.tbx\AddField" Date="20180822" Time="113811" export="">AddField \\os.uga.edu\onu-ocha\working\Process_Files\CODServices\Documentation\Templates\COD_XXX\Shapefiles\XXX_AdminBoundaries_ExportToShape.gdb\Data_Layers\XXX_admbnda_adm6_scale_source validTo DATE # # # # NULLABLE NON_REQUIRED #</Process><Process ToolSource="c:\program files (x86)\arcgis\desktop10.8\ArcToolbox\Toolboxes\Data Management Tools.tbx\DeleteField" Date="20201217" Time="160354" Name="" export="">DeleteField XXX_admbnda_adm6_scale_source ADM6_FR;ADM6_ES;ADM6ALT1FR;ADM6ALT2FR;ADM6ALT1ES;ADM6ALT2ES;ADM5_FR;ADM5_ES;ADM4_FR;ADM4_ES;ADM3_FR;ADM3_ES;ADM2_FR;ADM2_ES;ADM1_FR;ADM1_ES;ADM0_FR;ADM0_ES</Process><Process ToolSource="c:\program files (x86)\arcgis\desktop10.8\ArcToolbox\Toolboxes\Conversion Tools.tbx\FeatureClassToFeatureClass" Date="20201217" Time="162718" Name="" export="">FeatureClassToFeatureClass K:\CODServices\COD_SYR\Shapefiles\XXX_AdminBoundaries_ExportToShape.gdb\Data_Layers\XXX_admbnda_adm6_scale_source K:\CODServices\COD_SYR\Shapefiles syr_neighbourhoods_unocha_20201217.shp # "Shape_Leng "Shape_Leng" false true true 8 Double 0 0 ,First,#,K:\CODServices\COD_SYR\Shapefiles\XXX_AdminBoundaries_ExportToShape.gdb\Data_Layers\XXX_admbnda_adm6_scale_source,Shape_Length,-1,-1;Shape_Area "Shape_Area" false true true 8 Double 0 0 ,First,#,K:\CODServices\COD_SYR\Shapefiles\XXX_AdminBoundaries_ExportToShape.gdb\Data_Layers\XXX_admbnda_adm6_scale_source,Shape_Area,-1,-1;NAME_EN "NAME_EN" true true false 50 Text 0 0 ,First,#,K:\CODServices\COD_SYR\Shapefiles\XXX_AdminBoundaries_ExportToShape.gdb\Data_Layers\XXX_admbnda_adm6_scale_source,NAME_EN,-1,-1;NAME_AR "NAME_AR" true true false 50 Text 0 0 ,First,#,K:\CODServices\COD_SYR\Shapefiles\XXX_AdminBoundaries_ExportToShape.gdb\Data_Layers\XXX_admbnda_adm6_scale_source,NAME_AR,-1,-1;PCODE "PCODE" true true false 50 Text 0 0 ,First,#,K:\CODServices\COD_SYR\Shapefiles\XXX_AdminBoundaries_ExportToShape.gdb\Data_Layers\XXX_admbnda_adm6_scale_source,PCODE,-1,-1;NAME_REF "NAME_REF" true true false 50 Text 0 0 ,First,#,K:\CODServices\COD_SYR\Shapefiles\XXX_AdminBoundaries_ExportToShape.gdb\Data_Layers\XXX_admbnda_adm6_scale_source,NAME_REF,-1,-1;NAME_ALT1E "NAME_ALT1E" true true false 50 Text 0 0 ,First,#,K:\CODServices\COD_SYR\Shapefiles\XXX_AdminBoundaries_ExportToShape.gdb\Data_Layers\XXX_admbnda_adm6_scale_source,NAME_ALT1EN,-1,-1;NAME_ALT2E "NAME_ALT2EN" true true false 50 Text 0 0 ,First,#,K:\CODServices\COD_SYR\Shapefiles\XXX_AdminBoundaries_ExportToShape.gdb\Data_Layers\XXX_admbnda_adm6_scale_source,NAME_ALT2EN,-1,-1;NAME_ALT1A "NAME_ALT1AR" true true false 50 Text 0 0 ,First,#,K:\CODServices\COD_SYR\Shapefiles\XXX_AdminBoundaries_ExportToShape.gdb\Data_Layers\XXX_admbnda_adm6_scale_source,NAME_ALT1AR,-1,-1;NAME_ALT2A "NAME_ALT2AR" true true false 50 Text 0 0 ,First,#,K:\CODServices\COD_SYR\Shapefiles\XXX_AdminBoundaries_ExportToShape.gdb\Data_Layers\XXX_admbnda_adm6_scale_source,NAME_ALT2AR,-1,-1;AREA_EN "AREA_EN" true true false 50 Text 0 0 ,First,#,K:\CODServices\COD_SYR\Shapefiles\XXX_AdminBoundaries_ExportToShape.gdb\Data_Layers\XXX_admbnda_adm6_scale_source,AREA_EN,-1,-1;AREA_AR "AREA_AR" true true false 50 Text 0 0 ,First,#,K:\CODServices\COD_SYR\Shapefiles\XXX_AdminBoundaries_ExportToShape.gdb\Data_Layers\XXX_admbnda_adm6_scale_source,AREA_AR,-1,-1;AREA_PCODE "AREA_PCODE" true true false 50 Text 0 0 ,First,#,K:\CODServices\COD_SYR\Shapefiles\XXX_AdminBoundaries_ExportToShape.gdb\Data_Layers\XXX_admbnda_adm6_scale_source,AREA_PCODE,-1,-1;ADM4_EN "ADM4_EN" true true false 50 Text 0 0 ,First,#,K:\CODServices\COD_SYR\Shapefiles\XXX_AdminBoundaries_ExportToShape.gdb\Data_Layers\XXX_admbnda_adm6_scale_source,ADM4_EN,-1,-1;ADM4_AR "ADM4_AR" true true false 50 Text 0 0 ,First,#,K:\CODServices\COD_SYR\Shapefiles\XXX_AdminBoundaries_ExportToShape.gdb\Data_Layers\XXX_admbnda_adm6_scale_source,ADM4_AR,-1,-1;ADM4_PCODE "ADM4_PCODE" true true false 50 Text 0 0 ,First,#,K:\CODServices\COD_SYR\Shapefiles\XXX_AdminBoundaries_ExportToShape.gdb\Data_Layers\XXX_admbnda_adm6_scale_source,ADM4_PCODE,-1,-1;ADM3_EN "ADM3_EN" true true false 50 Text 0 0 ,First,#,K:\CODServices\COD_SYR\Shapefiles\XXX_AdminBoundaries_ExportToShape.gdb\Data_Layers\XXX_admbnda_adm6_scale_source,ADM3_EN,-1,-1;ADM3_AR "ADM3_AR" true true false 50 Text 0 0 ,First,#,K:\CODServices\COD_SYR\Shapefiles\XXX_AdminBoundaries_ExportToShape.gdb\Data_Layers\XXX_admbnda_adm6_scale_source,ADM3_AR,-1,-1;ADM3_PCODE "ADM3_PCODE" true true false 50 Text 0 0 ,First,#,K:\CODServices\COD_SYR\Shapefiles\XXX_AdminBoundaries_ExportToShape.gdb\Data_Layers\XXX_admbnda_adm6_scale_source,ADM3_PCODE,-1,-1;ADM2_EN "ADM2_EN" true true false 50 Text 0 0 ,First,#,K:\CODServices\COD_SYR\Shapefiles\XXX_AdminBoundaries_ExportToShape.gdb\Data_Layers\XXX_admbnda_adm6_scale_source,ADM2_EN,-1,-1;ADM2_AR "ADM2_AR" true true false 50 Text 0 0 ,First,#,K:\CODServices\COD_SYR\Shapefiles\XXX_AdminBoundaries_ExportToShape.gdb\Data_Layers\XXX_admbnda_adm6_scale_source,ADM2_AR,-1,-1;ADM2_PCODE "ADM2_PCODE" true true false 50 Text 0 0 ,First,#,K:\CODServices\COD_SYR\Shapefiles\XXX_AdminBoundaries_ExportToShape.gdb\Data_Layers\XXX_admbnda_adm6_scale_source,ADM2_PCODE,-1,-1;ADM1_EN "ADM1_EN" true true false 50 Text 0 0 ,First,#,K:\CODServices\COD_SYR\Shapefiles\XXX_AdminBoundaries_ExportToShape.gdb\Data_Layers\XXX_admbnda_adm6_scale_source,ADM1_EN,-1,-1;ADM1_AR "ADM1_AR" true true false 50 Text 0 0 ,First,#,K:\CODServices\COD_SYR\Shapefiles\XXX_AdminBoundaries_ExportToShape.gdb\Data_Layers\XXX_admbnda_adm6_scale_source,ADM1_AR,-1,-1;ADM1_PCODE "ADM1_PCODE" true true false 50 Text 0 0 ,First,#,K:\CODServices\COD_SYR\Shapefiles\XXX_AdminBoundaries_ExportToShape.gdb\Data_Layers\XXX_admbnda_adm6_scale_source,ADM1_PCODE,-1,-1;ADM0_EN "ADM0_EN" true true false 50 Text 0 0 ,First,#,K:\CODServices\COD_SYR\Shapefiles\XXX_AdminBoundaries_ExportToShape.gdb\Data_Layers\XXX_admbnda_adm6_scale_source,ADM0_EN,-1,-1;ADM0_AR "ADM0_AR" true true false 50 Text 0 0 ,First,#,K:\CODServices\COD_SYR\Shapefiles\XXX_AdminBoundaries_ExportToShape.gdb\Data_Layers\XXX_admbnda_adm6_scale_source,ADM0_AR,-1,-1;ADM0_PCODE "ADM0_PCODE" true true false 50 Text 0 0 ,First,#,K:\CODServices\COD_SYR\Shapefiles\XXX_AdminBoundaries_ExportToShape.gdb\Data_Layers\XXX_admbnda_adm6_scale_source,ADM0_PCODE,-1,-1;date "date" true true false 8 Date 0 0 ,First,#,K:\CODServices\COD_SYR\Shapefiles\XXX_AdminBoundaries_ExportToShape.gdb\Data_Layers\XXX_admbnda_adm6_scale_source,date,-1,-1;validOn "validOn" true true false 8 Date 0 0 ,First,#,K:\CODServices\COD_SYR\Shapefiles\XXX_AdminBoundaries_ExportToShape.gdb\Data_Layers\XXX_admbnda_adm6_scale_source,validOn,-1,-1;validTo "validTo" true true false 8 Date 0 0 ,First,#,K:\CODServices\COD_SYR\Shapefiles\XXX_AdminBoundaries_ExportToShape.gdb\Data_Layers\XXX_admbnda_adm6_scale_source,validTo,-1,-1" #</Process></lineage><itemProps><itemName Sync="TRUE">syr_neighbourhoods_unocha_20201217</itemName><itemSize Sync="TRUE">1.102</itemSize><itemLocation><linkage Sync="TRUE">file://\\os.uga.edu\onu-ocha\working\Process_Files\CODServices\COD_SYR\Candidates\Shapefiles\syr_neighbourhoods_unocha_20201217.shp</linkage><protocol Sync="TRUE">Local Area Network</protocol></itemLocation><nativeExtBox><westBL Sync="TRUE">35.716805</westBL><eastBL Sync="TRUE">40.794388</eastBL><southBL Sync="TRUE">32.593283</southBL><northBL Sync="TRUE">36.542515</northBL><exTypeCode Sync="TRUE">1</exTypeCode></nativeExtBox><imsContentType Sync="TRUE">002</imsContentType></itemProps><coordRef><type Sync="TRUE">Geographic</type><geogcsn Sync="TRUE">GCS_WGS_1984</geogcsn><csUnits Sync="TRUE">Angular Unit: Degree (0.017453)</csUnits><peXml Sync="TRUE">&lt;GeographicCoordinateSystem xsi:type='typens:GeographicCoordinateSystem' xmlns:xsi='http://www.w3.org/2001/XMLSchema-instance' xmlns:xs='http://www.w3.org/2001/XMLSchema' xmlns:typens='http://www.esri.com/schemas/ArcGIS/10.8'&gt;&lt;WKT&gt;GEOGCS[&amp;quot;GCS_WGS_1984&amp;quot;,DATUM[&amp;quot;D_WGS_1984&amp;quot;,SPHEROID[&amp;quot;WGS_1984&amp;quot;,6378137.0,298.257223563]],PRIMEM[&amp;quot;Greenwich&amp;quot;,0.0],UNIT[&amp;quot;Degree&amp;quot;,0.0174532925199433],AUTHORITY[&amp;quot;EPSG&amp;quot;,4326]]&lt;/WKT&gt;&lt;XOrigin&gt;-400&lt;/XOrigin&gt;&lt;YOrigin&gt;-400&lt;/YOrigin&gt;&lt;XYScale&gt;11258999068426.238&lt;/XYScale&gt;&lt;ZOrigin&gt;-100000&lt;/ZOrigin&gt;&lt;ZScale&gt;10000&lt;/ZScale&gt;&lt;MOrigin&gt;-100000&lt;/MOrigin&gt;&lt;MScale&gt;10000&lt;/MScale&gt;&lt;XYTolerance&gt;8.983152841195215e-09&lt;/XYTolerance&gt;&lt;ZTolerance&gt;0.001&lt;/ZTolerance&gt;&lt;MTolerance&gt;0.001&lt;/MTolerance&gt;&lt;HighPrecision&gt;true&lt;/HighPrecision&gt;&lt;LeftLongitude&gt;-180&lt;/LeftLongitude&gt;&lt;WKID&gt;4326&lt;/WKID&gt;&lt;LatestWKID&gt;4326&lt;/LatestWKID&gt;&lt;/GeographicCoordinateSystem&gt;</peXml></coordRef></DataProperties><SyncDate>20201217</SyncDate><SyncTime>17215700</SyncTime><ModDate>20201217</ModDate><ModTime>17215700</ModTime><scaleRange><minScale>150000000</minScale><maxScale>5000</maxScale></scaleRange><ArcGISProfile>NAP</ArcGISProfile></Esri><mdChar><CharSetCd value="004"/></mdChar><mdContact><rpIndName>Joseph Childs</rpIndName><rpOrgName>ITOS - University of Georgia</rpOrgName><rpPosName>Staff</rpPosName><role><RoleCd value="011"/></role><rpCntInfo><cntAddress><delPoint>1180 E. Broad St.</delPoint><city>Athens</city><adminArea>Georgia</adminArea><postCode>30602-5418</postCode><eMailAdd>gist-admin@cviog.itos.uga.edu</eMailAdd><country>US</country></cntAddress><cntPhone><voiceNum>(706) 542-7766</voiceNum><faxNum>(706) 542-6535</faxNum></cntPhone></rpCntInfo><displayName>Stephen Shain</displayName></mdContact><distInfo><distFormat><formatVer>ArcGIS 10.8.1</formatVer><formatName Sync="TRUE">Shapefile</formatName></distFormat><distTranOps><transSize Sync="TRUE">1.102</transSize></distTranOps></distInfo><dataIdInfo><idCitation><citRespParty><rpOrgName>UNOCHA - HumanitarianResponse.info</rpOrgName><role><RoleCd value="001"/></role><rpPosName>COD FOD Registry</rpPosName><rpCntInfo><cntAddress><eMailAdd>data@humanitarianresponse.info</eMailAdd></cntAddress></rpCntInfo></citRespParty><resTitle Sync="FALSE">SYRIAN ARAB REPUBLIC: Neighborhoods</resTitle><date><createDate>2017-06-01T00:00:00</createDate><pubDate>2020-12-17T00:00:00</pubDate></date><citRespParty><rpOrgName>United Nations Office for the Coordination of Humanitarian Affairs (UNOCHA)</rpOrgName><role><RoleCd value="006"/></role></citRespParty><presForm><PresFormCd value="005" Sync="TRUE"/></presForm></idCitation><idAbs>&lt;DIV STYLE="text-align:Left;"&gt;&lt;DIV&gt;&lt;DIV&gt;&lt;P&gt;&lt;SPAN&gt;The dataset represents the neighborhoods of Syria&lt;/SPAN&gt;&lt;/P&gt;&lt;/DIV&gt;&lt;/DIV&gt;&lt;/DIV&gt;</idAbs><placeKeys><keyword>Syrian Arab Republic</keyword><keyword>Neighborhoods</keyword></placeKeys><dataChar><CharSetCd value="004"/></dataChar><resConst><Consts><useLimit>&lt;DIV STYLE="text-align:Left;"&gt;&lt;DIV&gt;&lt;DIV&gt;&lt;P&gt;&lt;SPAN&gt;See the COD/FOD Registry &lt;/SPAN&gt;&lt;A href="https://www.humanitarianresponse.info/applications/data/page/terms-use"&gt;&lt;SPAN&gt;Terms of Use&lt;/SPAN&gt;&lt;/A&gt;&lt;SPAN&gt;. This does not replace any terms of use information provided with the dataset.&lt;/SPAN&gt;&lt;/P&gt;&lt;/DIV&gt;&lt;/DIV&gt;&lt;/DIV&gt;</useLimit></Consts></resConst><idPurp>Syria Neighborhoods, with Arabic Names, English Names, and p-codes.</idPurp><dataLang><languageCode value="ara"/><countryCode value="USA" Sync="TRUE"/></dataLang><dataLang><languageCode value="eng"/><countryCode value="USA" Sync="TRUE"/></dataLang><envirDesc Sync="TRUE"> Version 6.2 (Build 9200) ; Esri ArcGIS 10.8.1.14362</envirDesc><spatRpType><SpatRepTypCd value="001" Sync="TRUE"/></spatRpType><dataExt><geoEle xmlns=""><GeoBndBox esriExtentType="search"><exTypeCode Sync="TRUE">1</exTypeCode><westBL Sync="TRUE">35.716805</westBL><eastBL Sync="TRUE">40.794388</eastBL><northBL Sync="TRUE">36.542515</northBL><southBL Sync="TRUE">32.593283</southBL></GeoBndBox></geoEle></dataExt><tpCat><TopicCatCd value="003"/></tpCat></dataIdInfo><dqInfo><dqScope><scpLvl><ScopeCd value="005"/></scpLvl></dqScope><dataLineage><statement>Layer was downloaded by ITOS as a feature class within a file geodatabase from HDX. It was then analyzed by ITOS for errors. Those errors were corrected and then the layer was sent back to UNOCHA.

The following errors were found and fixed by ITOS:
1. Non-essential fields 'Latitude' and 'Longitude' were removed
2. The layer had a reference name field for Arabic names, which is not required for non-Latin based languages. The field was removed
3. Names in the original English reference name appeared to be alternate names and not the names without special characters. Values from the original reference name field have been used to populate the alternate name field. The reference name field now has the English names without special characters.
4. Fixed 39 overlap errors and 129 gap errors.

The following errors were found by ITOS but have not been addressed in this version:
1. Neighborhood codes are not a consistent format with the codes used for layers 1-4 and do not build off of them
2. The layer includes name and p-code fields for Areas, an admin layer that is not available for download. These fields have been kept in the candidate
3. 5 Neighborhood names do not have a 1 to 1 relationship between the English and Arabic names
4. Neighborhoods do not nest with Admin0-3. Some units fall outside of the Admin0 borders. Exports of units outside of Admin0 can be found in Supporting_Info.gdb
5. The presence of parentheses and slashes in some names may indicate the need for secondary names to be seperated and put in an alternate name field</statement></dataLineage></dqInfo><refSysInfo><RefSystem dimension="horizontal"><refSysID><identCode code="4326" Sync="TRUE"/><idCodeSpace Sync="TRUE">EPSG</idCodeSpace><idVersion Sync="TRUE">6.14(3.0.1)</idVersion></refSysID></RefSystem></refSysInfo><eainfo><detailed Name="syr_neighbourhoods_unocha_20201217"><enttyp><enttypl Sync="TRUE">syr_neighbourhoods_unocha_20201217</enttypl><enttypt Sync="TRUE">Feature Class</enttypt><enttypc Sync="TRUE">414</enttypc></enttyp><attr><attrlabl Sync="TRUE">FID</attrlabl><attalias Sync="TRUE">FID</attalias><attrtype Sync="TRUE">OID</attrtype><attwidth Sync="TRUE">4</attwidth><atprecis Sync="TRUE">0</atprecis><attscale Sync="TRUE">0</attscale><attrdef Sync="TRUE">Internal feature number.</attrdef><attrdefs Sync="TRUE">Esri</attrdefs><attrdomv><udom Sync="TRUE">Sequential unique whole numbers that are automatically generated.</udom></attrdomv></attr><attr><attrlabl Sync="TRUE">Shape</attrlabl><attalias Sync="TRUE">Shape</attalias><attrtype Sync="TRUE">Geometry</attrtype><attwidth Sync="TRUE">0</attwidth><atprecis Sync="TRUE">0</atprecis><attscale Sync="TRUE">0</attscale><attrdef Sync="TRUE">Feature geometry.</attrdef><attrdefs Sync="TRUE">Esri</attrdefs><attrdomv><udom Sync="TRUE">Coordinates defining the features.</udom></attrdomv></attr><attr><attrlabl Sync="TRUE">Shape_Leng</attrlabl><attalias Sync="TRUE">Shape_Leng</attalias><attrtype Sync="TRUE">Double</attrtype><attwidth Sync="TRUE">19</attwidth><atprecis Sync="TRUE">0</atprecis><attscale Sync="TRUE">0</attscale></attr><attr><attrlabl Sync="TRUE">Shape_Area</attrlabl><attalias Sync="TRUE">Shape_Area</attalias><attrtype Sync="TRUE">Double</attrtype><attwidth Sync="TRUE">19</attwidth><atprecis Sync="TRUE">0</atprecis><attscale Sync="TRUE">0</attscale><attrdef Sync="TRUE">Area of feature in internal units squared.</attrdef><attrdefs Sync="TRUE">Esri</attrdefs><attrdomv><udom Sync="TRUE">Positive real numbers that are automatically generated.</udom></attrdomv></attr><attr><attrlabl Sync="TRUE">NAME_EN</attrlabl><attalias Sync="TRUE">NAME_EN</attalias><attrtype Sync="TRUE">String</attrtype><attwidth Sync="TRUE">50</attwidth><atprecis Sync="TRUE">0</atprecis><attscale Sync="TRUE">0</attscale></attr><attr><attrlabl Sync="TRUE">NAME_AR</attrlabl><attalias Sync="TRUE">NAME_AR</attalias><attrtype Sync="TRUE">String</attrtype><attwidth Sync="TRUE">50</attwidth><atprecis Sync="TRUE">0</atprecis><attscale Sync="TRUE">0</attscale></attr><attr><attrlabl Sync="TRUE">PCODE</attrlabl><attalias Sync="TRUE">PCODE</attalias><attrtype Sync="TRUE">String</attrtype><attwidth Sync="TRUE">50</attwidth><atprecis Sync="TRUE">0</atprecis><attscale Sync="TRUE">0</attscale></attr><attr><attrlabl Sync="TRUE">NAME_REF</attrlabl><attalias Sync="TRUE">NAME_REF</attalias><attrtype Sync="TRUE">String</attrtype><attwidth Sync="TRUE">50</attwidth><atprecis Sync="TRUE">0</atprecis><attscale Sync="TRUE">0</attscale></attr><attr><attrlabl Sync="TRUE">NAME_ALT1E</attrlabl><attalias Sync="TRUE">NAME_ALT1E</attalias><attrtype Sync="TRUE">String</attrtype><attwidth Sync="TRUE">50</attwidth><atprecis Sync="TRUE">0</atprecis><attscale Sync="TRUE">0</attscale></attr><attr><attrlabl Sync="TRUE">NAME_ALT2E</attrlabl><attalias Sync="TRUE">NAME_ALT2E</attalias><attrtype Sync="TRUE">String</attrtype><attwidth Sync="TRUE">50</attwidth><atprecis Sync="TRUE">0</atprecis><attscale Sync="TRUE">0</attscale></attr><attr><attrlabl Sync="TRUE">NAME_ALT1A</attrlabl><attalias Sync="TRUE">NAME_ALT1A</attalias><attrtype Sync="TRUE">String</attrtype><attwidth Sync="TRUE">50</attwidth><atprecis Sync="TRUE">0</atprecis><attscale Sync="TRUE">0</attscale></attr><attr><attrlabl Sync="TRUE">NAME_ALT2A</attrlabl><attalias Sync="TRUE">NAME_ALT2A</attalias><attrtype Sync="TRUE">String</attrtype><attwidth Sync="TRUE">50</attwidth><atprecis Sync="TRUE">0</atprecis><attscale Sync="TRUE">0</attscale></attr><attr><attrlabl Sync="TRUE">AREA_EN</attrlabl><attalias Sync="TRUE">AREA_EN</attalias><attrtype Sync="TRUE">String</attrtype><attwidth Sync="TRUE">50</attwidth><atprecis Sync="TRUE">0</atprecis><attscale Sync="TRUE">0</attscale></attr><attr><attrlabl Sync="TRUE">AREA_AR</attrlabl><attalias Sync="TRUE">AREA_AR</attalias><attrtype Sync="TRUE">String</attrtype><attwidth Sync="TRUE">50</attwidth><atprecis Sync="TRUE">0</atprecis><attscale Sync="TRUE">0</attscale></attr><attr><attrlabl Sync="TRUE">AREA_PCODE</attrlabl><attalias Sync="TRUE">AREA_PCODE</attalias><attrtype Sync="TRUE">String</attrtype><attwidth Sync="TRUE">50</attwidth><atprecis Sync="TRUE">0</atprecis><attscale Sync="TRUE">0</attscale></attr><attr><attrlabl Sync="TRUE">ADM4_EN</attrlabl><attalias Sync="TRUE">ADM4_EN</attalias><attrtype Sync="TRUE">String</attrtype><attwidth Sync="TRUE">50</attwidth><atprecis Sync="TRUE">0</atprecis><attscale Sync="TRUE">0</attscale></attr><attr><attrlabl Sync="TRUE">ADM4_AR</attrlabl><attalias Sync="TRUE">ADM4_AR</attalias><attrtype Sync="TRUE">String</attrtype><attwidth Sync="TRUE">50</attwidth><atprecis Sync="TRUE">0</atprecis><attscale Sync="TRUE">0</attscale></attr><attr><attrlabl Sync="TRUE">ADM4_PCODE</attrlabl><attalias Sync="TRUE">ADM4_PCODE</attalias><attrtype Sync="TRUE">String</attrtype><attwidth Sync="TRUE">50</attwidth><atprecis Sync="TRUE">0</atprecis><attscale Sync="TRUE">0</attscale></attr><attr><attrlabl Sync="TRUE">ADM3_EN</attrlabl><attalias Sync="TRUE">ADM3_EN</attalias><attrtype Sync="TRUE">String</attrtype><attwidth Sync="TRUE">50</attwidth><atprecis Sync="TRUE">0</atprecis><attscale Sync="TRUE">0</attscale></attr><attr><attrlabl Sync="TRUE">ADM3_AR</attrlabl><attalias Sync="TRUE">ADM3_AR</attalias><attrtype Sync="TRUE">String</attrtype><attwidth Sync="TRUE">50</attwidth><atprecis Sync="TRUE">0</atprecis><attscale Sync="TRUE">0</attscale></attr><attr><attrlabl Sync="TRUE">ADM3_PCODE</attrlabl><attalias Sync="TRUE">ADM3_PCODE</attalias><attrtype Sync="TRUE">String</attrtype><attwidth Sync="TRUE">50</attwidth><atprecis Sync="TRUE">0</atprecis><attscale Sync="TRUE">0</attscale></attr><attr><attrlabl Sync="TRUE">ADM2_EN</attrlabl><attalias Sync="TRUE">ADM2_EN</attalias><attrtype Sync="TRUE">String</attrtype><attwidth Sync="TRUE">50</attwidth><atprecis Sync="TRUE">0</atprecis><attscale Sync="TRUE">0</attscale></attr><attr><attrlabl Sync="TRUE">ADM2_AR</attrlabl><attalias Sync="TRUE">ADM2_AR</attalias><attrtype Sync="TRUE">String</attrtype><attwidth Sync="TRUE">50</attwidth><atprecis Sync="TRUE">0</atprecis><attscale Sync="TRUE">0</attscale></attr><attr><attrlabl Sync="TRUE">ADM2_PCODE</attrlabl><attalias Sync="TRUE">ADM2_PCODE</attalias><attrtype Sync="TRUE">String</attrtype><attwidth Sync="TRUE">50</attwidth><atprecis Sync="TRUE">0</atprecis><attscale Sync="TRUE">0</attscale></attr><attr><attrlabl Sync="TRUE">ADM1_EN</attrlabl><attalias Sync="TRUE">ADM1_EN</attalias><attrtype Sync="TRUE">String</attrtype><attwidth Sync="TRUE">50</attwidth><atprecis Sync="TRUE">0</atprecis><attscale Sync="TRUE">0</attscale></attr><attr><attrlabl Sync="TRUE">ADM1_AR</attrlabl><attalias Sync="TRUE">ADM1_AR</attalias><attrtype Sync="TRUE">String</attrtype><attwidth Sync="TRUE">50</attwidth><atprecis Sync="TRUE">0</atprecis><attscale Sync="TRUE">0</attscale></attr><attr><attrlabl Sync="TRUE">ADM1_PCODE</attrlabl><attalias Sync="TRUE">ADM1_PCODE</attalias><attrtype Sync="TRUE">String</attrtype><attwidth Sync="TRUE">50</attwidth><atprecis Sync="TRUE">0</atprecis><attscale Sync="TRUE">0</attscale></attr><attr><attrlabl Sync="TRUE">ADM0_EN</attrlabl><attalias Sync="TRUE">ADM0_EN</attalias><attrtype Sync="TRUE">String</attrtype><attwidth Sync="TRUE">50</attwidth><atprecis Sync="TRUE">0</atprecis><attscale Sync="TRUE">0</attscale></attr><attr><attrlabl Sync="TRUE">ADM0_AR</attrlabl><attalias Sync="TRUE">ADM0_AR</attalias><attrtype Sync="TRUE">String</attrtype><attwidth Sync="TRUE">50</attwidth><atprecis Sync="TRUE">0</atprecis><attscale Sync="TRUE">0</attscale></attr><attr><attrlabl Sync="TRUE">ADM0_PCODE</attrlabl><attalias Sync="TRUE">ADM0_PCODE</attalias><attrtype Sync="TRUE">String</attrtype><attwidth Sync="TRUE">50</attwidth><atprecis Sync="TRUE">0</atprecis><attscale Sync="TRUE">0</attscale></attr><attr><attrlabl Sync="TRUE">date</attrlabl><attalias Sync="TRUE">date</attalias><attrtype Sync="TRUE">Date</attrtype><attwidth Sync="TRUE">8</attwidth><atprecis Sync="TRUE">0</atprecis><attscale Sync="TRUE">0</attscale><attrdef>The creation date of the dataset. If unknown, the date the dataset was received.
</attrdef></attr><attr><attrlabl Sync="TRUE">validOn</attrlabl><attalias Sync="TRUE">validOn</attalias><attrtype Sync="TRUE">Date</attrtype><attwidth Sync="TRUE">8</attwidth><atprecis Sync="TRUE">0</atprecis><attscale Sync="TRUE">0</attscale><attrdef>The date the candidate or service was created.
</attrdef></attr><attr><attrlabl Sync="TRUE">validTo</attrlabl><attalias Sync="TRUE">validTo</attalias><attrtype Sync="TRUE">Date</attrtype><attwidth Sync="TRUE">8</attwidth><atprecis Sync="TRUE">0</atprecis><attscale Sync="TRUE">0</attscale><attrdef>This will be populated if you are archiving this data and replacing it with another set.  It will be blank for initial deployments.  
</attrdef></attr></detailed></eainfo><mdLang><languageCode value="eng" Sync="TRUE"/><countryCode value="USA" Sync="TRUE"/></mdLang><mdHrLv><ScopeCd value="005" Sync="TRUE"/></mdHrLv><mdHrLvName Sync="TRUE">dataset</mdHrLvName><spatRepInfo><VectSpatRep><geometObjs Name="syr_neighbourhoods_unocha_20201217"><geoObjTyp><GeoObjTypCd value="002" Sync="TRUE"></GeoObjTypCd></geoObjTyp><geoObjCnt Sync="TRUE">414</geoObjCnt></geometObjs><topLvl><TopoLevCd value="001" Sync="TRUE"></TopoLevCd></topLvl></VectSpatRep></spatRepInfo><spdoinfo><ptvctinf><esriterm Name="syr_neighbourhoods_unocha_20201217"><efeatyp Sync="TRUE">Simple</efeatyp><efeageom code="4" Sync="TRUE"></efeageom><esritopo Sync="TRUE">FALSE</esritopo><efeacnt Sync="TRUE">414</efeacnt><spindex Sync="TRUE">TRUE</spindex><linrefer Sync="TRUE">FALSE</linrefer></esriterm></ptvctinf></spdoinfo><mdDateSt Sync="TRUE">20201217</mdDateSt><mdFileID>F7A8D86C-6B20-407B-A5F9-D40587D19667</mdFileID></metadata>
